total_return,cagr,max_drawdown,sharpe,sortino,volatility,win_rate,avg_win_loss_ratio,profit_factor,expectancy,exposure,trades_count,turnover_avg,market,symbol,strategy,fold,period_start,period_end
-0.011239625187520863,-0.046364467383249286,-0.013841817092367092,-1.8140133807366186,-2.427986630390062,0.025982137420825183,0.3225806451612903,1.4690110685304016,0.6995290802525722,-0.0002981287300709113,0.5166666666666667,40,0.049477941000702935,us_equity,A,policy,0,2021-10-29 13:30:00+00:00,2022-01-25 14:30:00+00:00
-0.18914324154239615,-0.5854610035190834,-0.1996384233768479,-3.7884772998493124,-5.702120890193287,0.22530455457056553,0.4,0.8284969254438117,0.5523312836292078,-0.0033871475815208246,1.0,1,0.016666666666666666,us_equity,A,buy_hold,0,2021-10-29 13:30:00+00:00,2022-01-25 14:30:00+00:00
-0.052485486439612705,-0.20262859301495773,-0.136668067583133,-1.301741520820066,-1.716576417525222,0.1635741679063269,0.4838709677419355,0.8085104289728673,0.757978527162063,-0.0016354169439113568,0.5166666666666667,3,0.08333333333333333,us_equity,A,ma_crossover,0,2021-10-29 13:30:00+00:00,2022-01-25 14:30:00+00:00
-0.3004383774587377,-0.7770183623402718,-0.31444691441042394,-6.721734718513499,-9.707622943590403,0.21900217605606342,0.3220338983050847,0.7354624412925637,0.3493446596139677,-0.0059405751825102795,0.9833333333333333,29,0.95,us_equity,A,naive_prev_bar,0,2021-10-29 13:30:00+00:00,2022-01-25 14:30:00+00:00
-0.00411828076287879,-0.017183150196102503,-0.09551387780630605,0.03304991198035397,0.0590306430342699,0.2222572620019699,0.48333333333333334,1.0745824701519846,1.0052545688518568,2.914913867523624e-05,1.0,3,0.08333333333333333,us_equity,A,lux_machine_supertrend,0,2021-10-29 13:30:00+00:00,2022-01-25 14:30:00+00:00
-0.009583495596820146,-0.03963781900494401,-0.01676129190253639,-1.3896528317162464,-1.3082774443630707,0.0288030098135743,0.5,0.7451469577129108,0.7451469577129107,-0.00027636392880919596,0.4666666666666667,37,0.03851632429870243,us_equity,A,policy,1,2022-01-26 14:30:00+00:00,2022-04-21 13:30:00+00:00
-0.06545968564985527,-0.24749087379160517,-0.10543760088789023,-0.7927098588163017,-1.3941728711151031,0.30118659304774775,0.5,0.8868595771260668,0.8868595771260667,-0.0009474348478263617,1.0,1,0.016666666666666666,us_equity,A,buy_hold,1,2022-01-26 14:30:00+00:00,2022-04-21 13:30:00+00:00
-0.13661110156337675,-0.4604059742828561,-0.19762163253697462,-2.6842278861264894,-4.043465354255125,0.22051246543360198,0.3225806451612903,1.1966857777195996,0.5698503703426665,-0.004546126796892303,0.5166666666666667,3,0.08333333333333333,us_equity,A,ma_crossover,1,2022-01-26 14:30:00+00:00,2022-04-21 13:30:00+00:00
-0.003986339983742759,-0.01663615283882791,-0.14128227136463356,0.09650792356679716,0.1647900980387693,0.30350787036515514,0.4915254237288136,1.0500935156085762,1.0150903984216237,0.00011820385131203204,0.9833333333333333,30,0.9833333333333333,us_equity,A,naive_prev_bar,1,2022-01-26 14:30:00+00:00,2022-04-21 13:30:00+00:00
-0.12578287790407716,-0.43140754259493497,-0.20409263110280096,-1.703297454416046,-3.03905136770743,0.3039732106797118,0.43333333333333335,1.0077634875774508,0.7706426669709918,-0.0020545904601643834,1.0,3,0.08333333333333333,us_equity,A,lux_machine_supertrend,1,2022-01-26 14:30:00+00:00,2022-04-21 13:30:00+00:00
-0.014398727103959175,-0.059096088494891896,-0.015150756024659984,-5.594761045957316,-5.682346147241261,0.010875835998193932,0.3611111111111111,0.5566917499296755,0.31465185865590356,-0.0003640632518299193,0.6,48,0.031220384799116135,us_equity,A,policy,2,2022-04-22 13:30:00+00:00,2022-07-19 13:30:00+00:00
0.06864289649649868,0.3215905776527497,-0.07444493214878134,1.020370523789761,1.6987717825357318,0.32530008256203835,0.5666666666666667,0.8961871011643898,1.1719369784457405,0.0013171691096534894,1.0,1,0.016666666666666666,us_equity,A,buy_hold,2,2022-04-22 13:30:00+00:00,2022-07-19 13:30:00+00:00
-0.15288518766478942,-0.5018529554717898,-0.17534249423182813,-3.7514274126925407,-4.597421270456301,0.18110639329543088,0.3225806451612903,0.9221138146801223,0.439101816514344,-0.005218183474826084,0.5166666666666667,3,0.08333333333333333,us_equity,A,ma_crossover,2,2022-04-22 13:30:00+00:00,2022-07-19 13:30:00+00:00
-0.06031783863815143,-0.2299478705542266,-0.11707465089512681,-0.643843560858091,-1.2271153014263245,0.32430683897898116,0.5084745762711864,0.87125194171932,0.9012951121234345,-0.0008426265941035467,0.9833333333333333,31,1.0166666666666666,us_equity,A,naive_prev_bar,2,2022-04-22 13:30:00+00:00,2022-07-19 13:30:00+00:00
-0.12504385143503516,-0.4293860206896467,-0.18324559996248535,-1.5369837107008608,-3.1395125831585196,0.32955754370354856,0.38333333333333336,1.2596951587176715,0.783053747310985,-0.002010018160360877,1.0,3,0.08333333333333333,us_equity,A,lux_machine_supertrend,2,2022-04-22 13:30:00+00:00,2022-07-19 13:30:00+00:00
-0.0018355989224220215,-0.0076869034113509205,-0.008829407929323407,-0.4922308845625958,-0.6569550945498591,0.015434569849381689,0.525,0.8649727349210127,0.9560224964916456,-2.0853418260908857e-05,0.6666666666666666,47,0.03307962626095159,us_equity,A,policy,3,2022-07-20 13:30:00+00:00,2022-10-12 13:30:00+00:00
-0.04090782043239927,-0.1609004869916153,-0.14452631475605526,-0.5907828983075418,-1.061068953873571,0.2458281107792295,0.38333333333333336,1.4651401389718224,0.9107627890905923,-0.0005763136657603992,1.0,1,0.016666666666666666,us_equity,A,buy_hold,3,2022-07-20 13:30:00+00:00,2022-10-12 13:30:00+00:00
-0.054140142769462885,-0.2084606032783054,-0.09711147390142905,-1.3291989636967256,-1.5714800341173116,0.16544587889485463,0.5161290322580645,0.7060333645175468,0.7531022554853833,-0.001689020666474153,0.5166666666666667,4,0.11666666666666667,us_equity,A,ma_crossover,3,2022-07-20 13:30:00+00:00,2022-10-12 13:30:00+00:00
0.14667995844080473,0.7768768633984213,-0.08322185120785175,2.4575490307545746,4.3362044467051435,0.24650798775353244,0.5423728813559322,1.2518597352790388,1.4836856121825646,0.0024447355382443683,0.9833333333333333,26,0.85,us_equity,A,naive_prev_bar,3,2022-07-20 13:30:00+00:00,2022-10-12 13:30:00+00:00
-0.1842605408906881,-0.5748754585583118,-0.22004768242902484,-3.4816320343058873,-5.0670099529527075,0.23713818786276927,0.45,0.7059802725235809,0.577620222973839,-0.003276301235794703,1.0,5,0.15,us_equity,A,lux_machine_supertrend,3,2022-07-20 13:30:00+00:00,2022-10-12 13:30:00+00:00
-0.0024975265677807945,-0.010447771365054703,-0.017318707463984673,-0.31627894398698175,-0.29503405590716864,0.031622327752364475,0.5333333333333333,0.8555214875090837,0.9777388428675243,-2.2834218677809373e-05,0.5,37,0.0426084981740232,us_equity,AAPL,policy,0,2021-10-29 13:30:00+00:00,2022-01-25 14:30:00+00:00
0.06283755811195735,0.2916978904179979,-0.11566899455444335,1.1597627498485943,1.8447207867554483,0.24718700247750788,0.5166666666666667,1.1211394410027586,1.198459402451225,0.0011376122131751829,1.0,1,0.016666666666666666,us_equity,AAPL,buy_hold,0,2021-10-29 13:30:00+00:00,2022-01-25 14:30:00+00:00
0.02813028299401643,0.12357543406904958,-0.05084082539818924,0.7334613856110724,0.7782163683388666,0.1814379696528534,0.5161290322580645,1.095804539216658,1.1688581751644351,0.0010221024932722082,0.5166666666666667,2,0.05,us_equity,AAPL,ma_crossover,0,2021-10-29 13:30:00+00:00,2022-01-25 14:30:00+00:00
-0.15008834253934678,-0.49490868418285994,-0.19047955297954144,-2.7182214633495105,-4.126588169984265,0.24026521213670718,0.4067796610169492,0.9499605538903173,0.6514015226676462,-0.0026355692353761924,0.9833333333333333,27,0.8833333333333333,us_equity,AAPL,naive_prev_bar,0,2021-10-29 13:30:00+00:00,2022-01-25 14:30:00+00:00
0.1298051347055944,0.6696094167685043,-0.06241958178949247,2.281897674737489,3.661256745371311,0.23719624252534308,0.5333333333333333,1.249422667034228,1.4279116194676893,0.0021478474375994042,1.0,2,0.05,us_equity,AAPL,lux_machine_supertrend,0,2021-10-29 13:30:00+00:00,2022-01-25 14:30:00+00:00
0.006280397043668229,0.026643950209672695,-0.009587600936464935,1.1212080317936681,1.3927585825271063,0.023704208768397204,0.5517241379310345,1.1393141444613182,1.4022327931831609,0.0002790537785501149,0.48333333333333334,38,0.043223040239150884,us_equity,AAPL,policy,1,2022-01-26 14:30:00+00:00,2022-04-21 13:30:00+00:00
0.059038412440640675,0.27241621060958554,-0.08524087189289076,1.031651583335819,2.0969614431275474,0.2684306947387008,0.5333333333333333,1.0235058937995283,1.1697210214851752,0.0010989164731869628,1.0,1,0.016666666666666666,us_equity,AAPL,buy_hold,1,2022-01-26 14:30:00+00:00,2022-04-21 13:30:00+00:00
-0.1636571565273235,-0.5279214701780894,-0.18895466176932862,-4.3958974759039675,-6.692964735296309,0.16730453170220252,0.3225806451612903,0.8540225085933121,0.40667738504443435,-0.005648644920253515,0.5166666666666667,2,0.05,us_equity,AAPL,ma_crossover,1,2022-01-26 14:30:00+00:00,2022-04-21 13:30:00+00:00
0.05556467330473658,0.25497870990732463,-0.09440513839717868,1.068893407170186,2.0236088934959415,0.23942009990411645,0.559322033898305,0.9218133195806706,1.1699938286985434,0.0010327464339448637,0.9833333333333333,25,0.8166666666666667,us_equity,AAPL,naive_prev_bar,1,2022-01-26 14:30:00+00:00,2022-04-21 13:30:00+00:00
-0.13063986327107036,-0.4445578492554959,-0.1848035163225511,-2.2731597440811457,-4.142316753730808,0.2451108230009044,0.4666666666666667,0.8196901783391585,0.7172289060467637,-0.002211016093985137,1.0,5,0.15,us_equity,AAPL,lux_machine_supertrend,1,2022-01-26 14:30:00+00:00,2022-04-21 13:30:00+00:00
-0.015923209427728735,-0.06519343388463594,-0.018355250214873053,-3.8118276789554533,-3.733400499773137,0.017642639649799983,0.4,0.6788038004738849,0.45253586698258996,-0.00036311783711541804,0.6666666666666666,50,0.03371457265489017,us_equity,AAPL,policy,2,2022-04-22 13:30:00+00:00,2022-07-19 13:30:00+00:00
0.08403197657189687,0.40338487350190855,-0.1478770821373716,1.1839308925773993,1.8040267079679433,0.3335302346785399,0.5333333333333333,1.054013394130799,1.2045867361494846,0.0015669712239861624,1.0,1,0.016666666666666666,us_equity,AAPL,buy_hold,2,2022-04-22 13:30:00+00:00,2022-07-19 13:30:00+00:00
-0.02752465222586087,-0.11061433905490681,-0.12282219822661644,-0.49858491976279895,-0.8389436026614625,0.19643240484179827,0.5161290322580645,0.8449347229414234,0.9012637044708516,-0.0007522137849989372,0.5166666666666667,2,0.05,us_equity,AAPL,ma_crossover,2,2022-04-22 13:30:00+00:00,2022-07-19 13:30:00+00:00
-0.20475277060047825,-0.6179597752936244,-0.2523022908370761,-2.8119934040249848,-4.375655061046493,0.3229221830113838,0.41379310344827586,0.9063695104838023,0.6397902426944486,-0.0036914410863766846,0.9666666666666667,38,1.2166666666666666,us_equity,AAPL,naive_prev_bar,2,2022-04-22 13:30:00+00:00,2022-07-19 13:30:00+00:00
-0.005608931241657178,-0.023346967398065854,-0.17534100902101935,0.09507665424099374,0.17414467281289456,0.33258727642434016,0.5333333333333333,0.8882031871485658,1.0150893567412183,0.00012548129160932717,1.0,2,0.05,us_equity,AAPL,lux_machine_supertrend,2,2022-04-22 13:30:00+00:00,2022-07-19 13:30:00+00:00
0.00555196281019299,0.02352622779847713,-0.011659502182955639,0.9444070318702606,1.5776192122587658,0.02495285092091054,0.5365853658536586,1.1339999138276629,1.3130525318004516,0.00017814651345084923,0.6833333333333333,49,0.045547597115744715,us_equity,AAPL,policy,3,2022-07-20 13:30:00+00:00,2022-10-12 13:30:00+00:00
0.028154421998480395,0.12368623388626232,-0.10196868658366964,0.6196879647502607,1.0608624331645873,0.23132616031074166,0.5333333333333333,0.9327198311792348,1.105445725842056,0.00036904519549598846,1.0,1,0.016666666666666666,us_equity,AAPL,buy_hold,3,2022-07-20 13:30:00+00:00,2022-10-12 13:30:00+00:00
-0.026630073064799697,-0.10717306894599599,-0.05763276155249131,-0.45914904123336386,-0.5711569868247688,0.20222070953996618,0.5161290322580645,0.792232535218434,0.9054086116782103,-0.0012516330776938395,0.5166666666666667,2,0.05,us_equity,AAPL,ma_crossover,3,2022-07-20 13:30:00+00:00,2022-10-12 13:30:00+00:00
-0.16445100609132912,-0.5298006043817265,-0.20473115380318818,-3.278958464765421,-4.568626655438201,0.22221409507028161,0.423728813559322,0.7732710009560044,0.5858113643606094,-0.0031555252524767896,0.9833333333333333,30,0.9833333333333333,us_equity,AAPL,naive_prev_bar,3,2022-07-20 13:30:00+00:00,2022-10-12 13:30:00+00:00
0.1319743742288031,0.6831146512882369,-0.05665207098544711,2.3507569469621346,3.7264570228127076,0.2332738298077129,0.6,0.9391860495862159,1.4700303384827726,0.0019747829905436094,1.0,2,0.05,us_equity,AAPL,lux_machine_supertrend,3,2022-07-20 13:30:00+00:00,2022-10-12 13:30:00+00:00
0.014581287330452275,0.06268551704709302,-0.002652382140975851,3.562111231911583,5.861894590045688,0.017111421604355595,0.5652173913043478,2.1028797683594833,2.7337436988673285,0.0006763043482839857,0.38333333333333336,27,0.03212610955721622,us_equity,ABBV,policy,0,2021-10-29 13:30:00+00:00,2022-01-25 14:30:00+00:00
0.1557803572407075,0.8368610232953899,-0.04964063885151848,4.00413483338583,7.911525754544319,0.1550358608259936,0.5333333333333333,1.6127183321835392,1.8431066653526162,0.002463430518878249,1.0,1,0.016666666666666666,us_equity,ABBV,buy_hold,0,2021-10-29 13:30:00+00:00,2022-01-25 14:30:00+00:00
0.09318706648626063,0.45384074660094287,-0.04964063885151859,3.164693620885692,4.329522451071463,0.12062865173116687,0.6129032258064516,1.2072900123706836,1.9115425195869156,0.002932048576264712,0.5166666666666667,1,0.016666666666666666,us_equity,ABBV,ma_crossover,0,2021-10-29 13:30:00+00:00,2022-01-25 14:30:00+00:00
-0.09336814533040227,-0.3374630702561837,-0.1549077967711685,-2.20971224565903,-3.6554398871540026,0.17891014027961974,0.4067796610169492,1.0294656205217514,0.7059192826434866,-0.0015953992245700183,0.9833333333333333,31,1.0166666666666666,us_equity,ABBV,naive_prev_bar,0,2021-10-29 13:30:00+00:00,2022-01-25 14:30:00+00:00
0.10603423854485916,0.5269611911197059,-0.04964063885151848,2.790985422186453,5.190016097190448,0.1561509471104712,0.5166666666666667,1.4269525446294617,1.5253630649487349,0.001729424670817195,1.0,2,0.05,us_equity,ABBV,lux_machine_supertrend,0,2021-10-29 13:30:00+00:00,2022-01-25 14:30:00+00:00
-0.00043910725778473214,-0.0018429551818422985,-0.014574077311350186,-0.061550507583097505,-0.06136206925962374,0.024919546368744695,0.4666666666666667,1.2259000711046053,1.0726625622165296,5.333854488577636e-05,0.5,37,0.05528405251035992,us_equity,ABBV,policy,1,2022-01-26 14:30:00+00:00,2022-04-21 13:30:00+00:00
0.301313577158973,2.022763964255209,-0.08020058513965611,5.539469471898513,7.761940689855846,0.20387040434819254,0.7,1.0951823370017144,2.5554254530040006,0.004481483655200071,1.0,1,0.016666666666666666,us_equity,ABBV,buy_hold,1,2022-01-26 14:30:00+00:00,2022-04-21 13:30:00+00:00
0.07950069840710028,0.378911190514732,-0.080200585139656,1.951341318510449,2.0267123135539586,0.17235991251968705,0.6129032258064516,0.9960680916477994,1.5771078117756825,0.0025832029105569273,0.5166666666666667,1,0.016666666666666666,us_equity,ABBV,ma_crossover,1,2022-01-26 14:30:00+00:00,2022-04-21 13:30:00+00:00
0.07178668493041318,0.33799688101227443,-0.054085537023167984,1.4987289698886468,2.177312061593368,0.20893341137955834,0.559322033898305,1.0224977614123136,1.2977856202540903,0.0012636584197425601,0.9833333333333333,27,0.8833333333333333,us_equity,ABBV,naive_prev_bar,1,2022-01-26 14:30:00+00:00,2022-04-21 13:30:00+00:00
0.3077148067101245,2.0857076174699642,-0.09139220462951236,5.687322300063576,8.033343807004805,0.202149371935427,0.6833333333333333,1.2130597526027984,2.617655255616565,0.004562256472032539,1.0,2,0.05,us_equity,ABBV,lux_machine_supertrend,1,2022-01-26 14:30:00+00:00,2022-04-21 13:30:00+00:00
-0.015066328856015998,-0.06176995721589695,-0.015697538218806595,-4.312811394543578,-3.2782879973188233,0.014756720410348204,0.3181818181818182,0.5171147006596405,0.24132019364116555,-0.0006463138828019172,0.36666666666666664,28,0.02477140774901657,us_equity,ABBV,policy,2,2022-04-22 13:30:00+00:00,2022-07-19 13:30:00+00:00
0.07499788400727692,0.35491471513622863,-0.08590854430543082,1.531776330600811,2.200533599700024,0.21326501187534785,0.6,0.8606773889420133,1.29101608341302,0.0012963265767299932,1.0,1,0.016666666666666666,us_equity,ABBV,buy_hold,2,2022-04-22 13:30:00+00:00,2022-07-19 13:30:00+00:00
-0.04837904787275482,-0.18801355201357228,-0.10316519675194913,-1.344157001907054,-1.3199552328984971,0.14682272859981912,0.4838709677419355,0.7808767732910518,0.7320719749603609,-0.0015157665029688619,0.5166666666666667,2,0.05,us_equity,ABBV,ma_crossover,2,2022-04-22 13:30:00+00:00,2022-07-19 13:30:00+00:00
-0.07085814995942841,-0.26558000592829045,-0.11144057930486473,-1.2219389141167523,-2.363716596085884,0.23083612762518396,0.3728813559322034,1.3654335957398573,0.81187943530478,-0.001138287518681328,0.9833333333333333,31,1.0166666666666666,us_equity,ABBV,naive_prev_bar,2,2022-04-22 13:30:00+00:00,2022-07-19 13:30:00+00:00
0.007561754269630905,0.03214575400420272,-0.08916310920002579,0.2524933645077259,0.42972934853779865,0.22332470466626853,0.5,1.0447435104048581,1.0447435104048581,0.00022376192880508086,1.0,2,0.05,us_equity,ABBV,lux_machine_supertrend,2,2022-04-22 13:30:00+00:00,2022-07-19 13:30:00+00:00
-0.005161234222256561,-0.021498850583060003,-0.011451268128675918,-1.5784215986063879,-1.7416150831067525,0.013708931097472619,0.47058823529411764,0.8590895133373071,0.7636351229664953,-0.0001692513527796507,0.2833333333333333,27,0.03760668818420174,us_equity,ABBV,policy,3,2022-07-20 13:30:00+00:00,2022-10-12 13:30:00+00:00
-0.06117491184851198,-0.2328934621512364,-0.10921764275115342,-1.2514831410089056,-2.078632445427365,0.19633426570606982,0.4666666666666667,0.9063583607233949,0.8186462612985503,-0.0011484690559456301,1.0,1,0.016666666666666666,us_equity,ABBV,buy_hold,3,2022-07-20 13:30:00+00:00,2022-10-12 13:30:00+00:00
-0.050770674470675514,-0.19655007078148612,-0.09075565954615061,-1.3542098811607548,-1.752023371934273,0.15289355016831327,0.3548387096774194,1.3615599867928403,0.7488579927360621,-0.001590245440888459,0.5166666666666667,2,0.05,us_equity,ABBV,ma_crossover,3,2022-07-20 13:30:00+00:00,2022-10-12 13:30:00+00:00
-0.1348578295258246,-0.45578886511671834,-0.16378145255387033,-2.777488651904885,-4.225469560229797,0.2107860233543046,0.4067796610169492,0.9211447350579209,0.6316421040397171,-0.002362614155959397,0.9833333333333333,28,0.9166666666666666,us_equity,ABBV,naive_prev_bar,3,2022-07-20 13:30:00+00:00,2022-10-12 13:30:00+00:00
-0.12751033039150028,-0.4361115060860642,-0.15840929152015237,-2.7195051576374083,-3.584829726092946,0.20281054156006345,0.4666666666666667,0.7103036867177625,0.6415646202612049,-0.002385641187119915,1.0,4,0.11666666666666667,us_equity,ABBV,lux_machine_supertrend,3,2022-07-20 13:30:00+00:00,2022-10-12 13:30:00+00:00
-0.03578665219834365,-0.14192117543119442,-0.04066839570486003,-3.304149534730474,-4.182987642532622,0.04598923161648085,0.4090909090909091,0.7184768979808346,0.4974070832175008,-0.0007838328242709534,0.7333333333333333,52,0.04930810006079076,us_equity,ABNB,policy,0,2021-10-29 13:30:00+00:00,2022-01-25 14:30:00+00:00
0.04674635540781158,0.2115298564764918,-0.12959621619874184,0.6327411683083869,0.984394548986112,0.5029027736538876,0.5,1.112736970403638,1.112736970403638,0.001262727335505115,1.0,1,0.016666666666666666,us_equity,ABNB,buy_hold,0,2021-10-29 13:30:00+00:00,2022-01-25 14:30:00+00:00
-0.035637877879273416,-0.1413649657780497,-0.17706903785006434,-0.377206413584995,-0.41121193575136333,0.29129047389942736,0.5161290322580645,0.8595111577139596,0.916811901561557,-0.0008439065665981314,0.5166666666666667,1,0.016666666666666666,us_equity,ABNB,ma_crossover,0,2021-10-29 13:30:00+00:00,2022-01-25 14:30:00+00:00
-0.28388976263182875,-0.7540111025744964,-0.3427533633313663,-2.8868835835153077,-4.10236743501812,0.4491469056517276,0.43103448275862066,0.8184636347261416,0.6200482081258649,-0.005286596176160393,0.9666666666666667,34,1.0833333333333333,us_equity,ABNB,naive_prev_bar,0,2021-10-29 13:30:00+00:00,2022-01-25 14:30:00+00:00
-0.09706093984480924,-0.34872343637896963,-0.24570860939549966,-0.663022027142244,-0.9943242162496728,0.47548311711514196,0.5166666666666667,0.8368135369933494,0.8945248154066837,-0.001251015000720607,1.0,2,0.05,us_equity,ABNB,lux_machine_supertrend,0,2021-10-29 13:30:00+00:00,2022-01-25 14:30:00+00:00
-0.03747929162942909,-0.1482299909454382,-0.05045879116957097,-2.726552065767258,-2.989645477869166,0.05820132021176661,0.44680851063829785,0.7122432559038804,0.575273398999288,-0.0007803018114103714,0.7833333333333333,55,0.04821270869420891,us_equity,ABNB,policy,1,2022-01-26 14:30:00+00:00,2022-04-21 13:30:00+00:00
0.1450617818402422,0.7663691157475667,-0.22051695330156762,1.2085463567992272,2.4950814867446707,0.6387834976498821,0.5833333333333334,0.8629155957365869,1.2080818340312218,0.00306348995582632,1.0,1,0.016666666666666666,us_equity,ABNB,buy_hold,1,2022-01-26 14:30:00+00:00,2022-04-21 13:30:00+00:00
-0.21894125634293238,-0.6457812600766215,-0.23581327784510597,-2.700966066445858,-3.3053415040322833,0.35941688863356935,0.41935483870967744,0.7509805497414815,0.5423748414799588,-0.007456012441680648,0.5166666666666667,2,0.05,us_equity,ABNB,ma_crossover,1,2022-01-26 14:30:00+00:00,2022-04-21 13:30:00+00:00
0.1077183942213733,0.5367504299193981,-0.20914240289522334,1.0053964469228855,1.8284652998160464,0.6146092150486482,0.4915254237288136,1.2117293699402478,1.1713383909422397,0.002493647784729519,0.9833333333333333,29,0.95,us_equity,ABNB,naive_prev_bar,1,2022-01-26 14:30:00+00:00,2022-04-21 13:30:00+00:00
-0.37358270141127103,-0.8597742673772917,-0.42143810408569515,-2.895521860846312,-4.992052834390969,0.6111012116076471,0.4166666666666667,0.8966278442033554,0.6404484601452538,-0.0070216544341254305,1.0,4,0.11666666666666667,us_equity,ABNB,lux_machine_supertrend,1,2022-01-26 14:30:00+00:00,2022-04-21 13:30:00+00:00
-0.010934709398827236,-0.04512870532833013,-0.028273491347293733,-0.9285409573226308,-1.1991161088628617,0.04846434098081384,0.5581395348837209,0.6672586130410925,0.8428529848940116,-0.00021539015273480179,0.7166666666666667,53,0.03914614020778486,us_equity,ABNB,policy,2,2022-04-22 13:30:00+00:00,2022-07-19 13:30:00+00:00
-0.28027115572946293,-0.7487480657066843,-0.40251532499369047,-2.0462458647140473,-3.6484997880193113,0.5882103554630235,0.4666666666666667,0.8426564247646627,0.7373243716690798,-0.004776281775588059,1.0,1,0.016666666666666666,us_equity,ABNB,buy_hold,2,2022-04-22 13:30:00+00:00,2022-07-19 13:30:00+00:00
-0.04544481103471476,-0.17744607356546283,-0.17023247208649872,-0.30625786100341185,-0.35584233238393526,0.3885717177340082,0.4838709677419355,1.000462109162152,0.9379332273395176,-0.0009140026353274891,0.5166666666666667,1,0.016666666666666666,us_equity,ABNB,ma_crossover,2,2022-04-22 13:30:00+00:00,2022-07-19 13:30:00+00:00
-0.2984353049268299,-0.7743244816881549,-0.3955060987141459,-2.0771691635270364,-3.892000972903458,0.621368516321383,0.4915254237288136,0.7531294266550334,0.7280251124331989,-0.005208585638778542,0.9833333333333333,36,1.1833333333333333,us_equity,ABNB,naive_prev_bar,2,2022-04-22 13:30:00+00:00,2022-07-19 13:30:00+00:00
-0.01566912919044916,-0.0641793068774027,-0.17023247208649872,0.20398842988028373,0.3748429439613606,0.6213251893764302,0.4666666666666667,1.178343167686652,1.0310502717258205,0.0005029490072459078,1.0,2,0.05,us_equity,ABNB,lux_machine_supertrend,2,2022-04-22 13:30:00+00:00,2022-07-19 13:30:00+00:00
0.038938062356945746,0.17402287970998387,-0.016004091410348975,2.7307783598281583,5.245655711999779,0.059412310149586096,0.5476190476190477,1.664573538962272,2.0150100734806453,0.0009569489044039809,0.7,50,0.05749404649717517,us_equity,ABNB,policy,3,2022-07-20 13:30:00+00:00,2022-10-12 13:30:00+00:00
0.40201177172894287,3.133871498975899,-0.09272777994787196,3.9672462568681457,5.805772616604565,0.3766025370777239,0.5833333333333334,1.3799335140443538,1.9319069196620953,0.005928869069637489,1.0,1,0.016666666666666666,us_equity,ABNB,buy_hold,3,2022-07-20 13:30:00+00:00,2022-10-12 13:30:00+00:00
-0.3065032431670879,-0.7850256598651877,-0.3065032431670879,-5.882063279873482,-6.213088058851823,0.25493262124868193,0.2903225806451613,0.5841309048509893,0.2389626428935865,-0.011517126039084228,0.5166666666666667,4,0.11666666666666667,us_equity,ABNB,ma_crossover,3,2022-07-20 13:30:00+00:00,2022-10-12 13:30:00+00:00
0.05962637665850523,0.27538584809661737,-0.1610260335182555,0.8051677143758543,1.2294102108001965,0.4024920167191071,0.5084745762711864,1.1105428093797103,1.1488373890134933,0.001307802974803273,0.9833333333333333,26,0.85,us_equity,ABNB,naive_prev_bar,3,2022-07-20 13:30:00+00:00,2022-10-12 13:30:00+00:00
0.06314349224556404,0.2932602151034933,-0.16105916485657923,0.8678162067209256,1.4332088985595763,0.37908427464011113,0.48333333333333334,1.2335801307013845,1.1539943158174242,0.0013054582430386333,1.0,3,0.08333333333333333,us_equity,ABNB,lux_machine_supertrend,3,2022-07-20 13:30:00+00:00,2022-10-12 13:30:00+00:00
-0.0016824628007912068,-0.007047345044323694,-0.009348827499690016,-0.605313379724803,-0.7938283633337784,0.011572903617817288,0.4666666666666667,1.1611823826613754,1.0160345848287033,6.630362820579552e-06,0.5,38,0.036839058168661905,us_equity,ABT,policy,0,2021-10-29 13:30:00+00:00,2022-01-25 14:30:00+00:00
-0.10261168995259584,-0.36537421602023945,-0.1367709209811473,-2.3383262085762047,-3.643533661515864,0.1868037929691266,0.48333333333333334,0.7411842980021757,0.6933659561955836,-0.0017333658927029842,1.0,1,0.016666666666666666,us_equity,ABT,buy_hold,0,2021-10-29 13:30:00+00:00,2022-01-25 14:30:00+00:00
0.019500079240149404,0.08449238845711693,-0.049120442108845586,0.7354717404287409,0.6974162356853705,0.12014782774385932,0.5806451612903226,0.8546395081216416,1.18334701124535,0.0006786891857105135,0.5166666666666667,2,0.05,us_equity,ABT,ma_crossover,0,2021-10-29 13:30:00+00:00,2022-01-25 14:30:00+00:00
-0.11314926672757664,-0.39608999634008046,-0.14147381794553204,-2.5070424433188174,-3.792128882014866,0.19347534577494716,0.423728813559322,0.9130239194754239,0.671341117261341,-0.0019574289894817446,0.9833333333333333,28,0.9166666666666666,us_equity,ABT,naive_prev_bar,0,2021-10-29 13:30:00+00:00,2022-01-25 14:30:00+00:00
0.061318045267189314,0.28395943671648327,-0.06564134942232724,1.512323591254289,2.3628862300864517,0.17556117218871972,0.5833333333333334,0.9038170310349554,1.2653438434489375,0.0010535924698780053,1.0,2,0.05,us_equity,ABT,lux_machine_supertrend,0,2021-10-29 13:30:00+00:00,2022-01-25 14:30:00+00:00
-0.012913881405315242,-0.05312819068065233,-0.01244038431425698,-3.080202728595071,-2.6296541387473984,0.017670676359660343,0.4074074074074074,0.6497029055304996,0.4466707475522184,-0.00042178707022921054,0.45,35,0.032011430028603335,us_equity,ABT,policy,1,2022-01-26 14:30:00+00:00,2022-04-21 13:30:00+00:00
0.07214522318528771,0.33987777353592885,-0.08522731032244968,1.3286275842465498,2.299353491000894,0.2423796178574406,0.5333333333333333,1.0470745622805748,1.2409772589991999,0.0010814978188116026,1.0,1,0.016666666666666666,us_equity,ABT,buy_hold,1,2022-01-26 14:30:00+00:00,2022-04-21 13:30:00+00:00
0.019634097244581206,0.0850912728906863,-0.058288358209511726,0.5573571244504624,0.9199987652325272,0.17325502164398357,0.41935483870967744,1.4876711993390443,1.1376309171416223,0.00042467757795546825,0.5166666666666667,4,0.11666666666666667,us_equity,ABT,ma_crossover,1,2022-01-26 14:30:00+00:00,2022-04-21 13:30:00+00:00
0.1221895677083693,0.6228491541798651,-0.06556737598003137,2.1387276417916463,3.5406778149184435,0.2400422789157725,0.5254237288135594,1.2852195108911235,1.4229216013437438,0.0020717718204835466,0.9833333333333333,28,0.9166666666666666,us_equity,ABT,naive_prev_bar,1,2022-01-26 14:30:00+00:00,2022-04-21 13:30:00+00:00
-0.14070019615153206,-0.47105831649110974,-0.13632835944924382,-2.4927412851914164,-4.301868687389026,0.24330708788036057,0.43333333333333335,0.8473569081511431,0.6676145336948399,-0.002626172093124036,1.0,3,0.08333333333333333,us_equity,ABT,lux_machine_supertrend,1,2022-01-26 14:30:00+00:00,2022-04-21 13:30:00+00:00
-0.00624295226444882,-0.025959688001065517,-0.0051431758751979695,-2.2885522279539248,-2.5018711143660406,0.011463796704895612,0.4444444444444444,0.7932952691910085,0.6346362153528067,-0.000182092265237082,0.45,39,0.023973164480873197,us_equity,ABT,policy,2,2022-04-22 13:30:00+00:00,2022-07-19 13:30:00+00:00
-0.02133679586093884,-0.08660276637638842,-0.10116414888709202,-0.29121989855859715,-0.4615917167022681,0.22438074512724018,0.48333333333333334,1.0217688267255762,0.95584825725941,-0.00025930213426372025,1.0,1,0.016666666666666666,us_equity,ABT,buy_hold,2,2022-04-22 13:30:00+00:00,2022-07-19 13:30:00+00:00
-0.1616378503114687,-0.5231157460582181,-0.16176832967938892,-5.779839006279369,-7.393483971419183,0.12653478225488343,0.2903225806451613,0.6803324869088051,0.2783178355536021,-0.0056171326430709805,0.5166666666666667,2,0.05,us_equity,ABT,ma_crossover,2,2022-04-22 13:30:00+00:00,2022-07-19 13:30:00+00:00
-0.1945368399561067,-0.5969194311379978,-0.1945368399561067,-3.982688351352469,-6.568306645563024,0.22155001893380874,0.4406779661016949,0.6748401612485206,0.5316922482564101,-0.0035607937031864366,0.9833333333333333,31,1.0166666666666666,us_equity,ABT,naive_prev_bar,2,2022-04-22 13:30:00+00:00,2022-07-19 13:30:00+00:00
-0.08744666606634488,-0.3190978968821121,-0.19088784385473867,-1.6523494785660755,-3.0643952933994503,0.21804785585130135,0.45,0.9469471426051773,0.7747749348587816,-0.001429727225866464,1.0,3,0.08333333333333333,us_equity,ABT,lux_machine_supertrend,2,2022-04-22 13:30:00+00:00,2022-07-19 13:30:00+00:00
-0.003635385382265155,-0.015180043414200872,-0.004720348036585387,-1.148530515452405,-1.6645974748550798,0.013241611384020363,0.5,0.836647534157518,0.8366475341575179,-7.881809450361341e-05,0.4666666666666667,35,0.03029039245766585,us_equity,ABT,policy,3,2022-07-20 13:30:00+00:00,2022-10-12 13:30:00+00:00
-0.0374648281401978,-0.14817623270182922,-0.0908568183994618,-0.7246972004851152,-1.3165763791258098,0.19504287967580208,0.4666666666666667,1.0193919439796058,0.8919679509821551,-0.000560900908236542,1.0,1,0.016666666666666666,us_equity,ABT,buy_hold,3,2022-07-20 13:30:00+00:00,2022-10-12 13:30:00+00:00
-0.006216519103943496,-0.0258508667847267,-0.06056322577512452,-0.09553927287325509,-0.1272847320002666,0.15245312508515796,0.5483870967741935,0.8069569460797033,0.9798762916682109,-0.00011186836188856707,0.5166666666666667,1,0.016666666666666666,us_equity,ABT,ma_crossover,3,2022-07-20 13:30:00+00:00,2022-10-12 13:30:00+00:00
-0.08055897597536965,-0.2972509211188379,-0.14364107220783717,-1.6994837366121955,-3.046574789562396,0.19612006519913194,0.4745762711864407,0.8434156740604153,0.7617948023771494,-0.0013450478661390132,0.9833333333333333,28,0.9166666666666666,us_equity,ABT,naive_prev_bar,3,2022-07-20 13:30:00+00:00,2022-10-12 13:30:00+00:00
-0.14137535147435976,-0.47280160824222794,-0.15990605492062693,-3.3986987201576038,-6.063863388870108,0.1831857262062271,0.4,0.8850721419955432,0.5900480946636955,-0.0024706075127311315,1.0,5,0.15,us_equity,ABT,lux_machine_supertrend,3,2022-07-20 13:30:00+00:00,2022-10-12 13:30:00+00:00
-0.011615993971289096,-0.04788813328913111,-0.011615993971289096,-3.182036403706493,-2.4878962349962084,0.015383059960427239,0.38095238095238093,0.6489389118036063,0.39934702264837313,-0.0004667459282392357,0.35,30,0.03490495662231981,us_equity,ACGL,policy,0,2021-10-29 13:30:00+00:00,2022-01-25 14:30:00+00:00
0.010382937622226418,0.044338323539036884,-0.060034272681759426,0.31962017782766405,0.5466656204453708,0.19538889534310072,0.5333333333333333,0.9209822677185278,1.052551163106889,0.0002478183868060025,1.0,1,0.016666666666666666,us_equity,ACGL,buy_hold,0,2021-10-29 13:30:00+00:00,2022-01-25 14:30:00+00:00
-0.0019204727183956827,-0.00804123549484892,-0.05410229613062756,-0.011680416257732602,-0.012148053081925512,0.11578537390716595,0.6129032258064516,0.6299114359015149,0.9973597735107317,-1.0387260858624354e-05,0.5166666666666667,2,0.05,us_equity,ACGL,ma_crossover,0,2021-10-29 13:30:00+00:00,2022-01-25 14:30:00+00:00
-0.028054576471931658,-0.11264808143351579,-0.07879592482793696,-0.5312506309203183,-0.7684884003184731,0.19062644179393148,0.5423728813559322,0.773553797684903,0.916804500959885,-0.0004086780366146948,0.9833333333333333,22,0.7166666666666667,us_equity,ACGL,naive_prev_bar,0,2021-10-29 13:30:00+00:00,2022-01-25 14:30:00+00:00
-0.08770828293289068,-0.31991738419723315,-0.1289520117831484,-1.9164643436742004,-3.0363900565156756,0.19143307396134718,0.5166666666666667,0.6894021480811081,0.7369471238108397,-0.0014558518271701086,1.0,3,0.08333333333333333,us_equity,ACGL,lux_machine_supertrend,0,2021-10-29 13:30:00+00:00,2022-01-25 14:30:00+00:00
-0.006389968652218858,-0.026564762635950423,-0.008440342931055,-2.149016622189797,-1.6308375015287468,0.012491482479036161,0.3684210526315789,0.9539000473686454,0.5564416942983764,-0.0002730577747184734,0.31666666666666665,26,0.02736921495503505,us_equity,ACGL,policy,1,2022-01-26 14:30:00+00:00,2022-04-21 13:30:00+00:00
0.08449294811979735,0.40589302396609184,-0.05089027743553498,1.694673535670444,2.6775485629031515,0.21476124531252733,0.5333333333333333,1.1467285371615328,1.3105468996131804,0.0014442468211062235,1.0,1,0.016666666666666666,us_equity,ACGL,buy_hold,1,2022-01-26 14:30:00+00:00,2022-04-21 13:30:00+00:00
-0.004021675193450647,-0.016782667557234232,-0.03947242421022701,-0.07017348503862013,-0.08651593338861918,0.12684970269304374,0.45161290322580644,1.1950993690755671,0.9841994804151729,-6.836778582245545e-05,0.5166666666666667,2,0.05,us_equity,ACGL,ma_crossover,1,2022-01-26 14:30:00+00:00,2022-04-21 13:30:00+00:00
-0.1503852393118149,-0.49564932584780486,-0.19951227111007708,-3.2059050690301865,-5.459469739311746,0.2065603054338946,0.4067796610169492,0.8753115826501495,0.6002136566743882,-0.002672367757267741,0.9833333333333333,32,1.05,us_equity,ACGL,naive_prev_bar,1,2022-01-26 14:30:00+00:00,2022-04-21 13:30:00+00:00
-0.003599561170683163,-0.015031316536433525,-0.10614993694059283,0.03735632039388361,0.06271996857994021,0.21550116598476288,0.4666666666666667,1.1496726653508262,1.005963582181973,3.194575635627993e-05,1.0,3,0.08333333333333333,us_equity,ACGL,lux_machine_supertrend,1,2022-01-26 14:30:00+00:00,2022-04-21 13:30:00+00:00
-0.010970833064102403,-0.045275170915622165,-0.008190734951887935,-2.214501252914771,-1.755288001373074,0.02082213248401825,0.43478260869565216,0.6695881616248505,0.5150678166345003,-0.0004283964953060961,0.38333333333333336,31,0.029577401287838093,us_equity,ACGL,policy,2,2022-04-22 13:30:00+00:00,2022-07-19 13:30:00+00:00
0.004214311527907855,0.017819827767839858,-0.07150111277724336,0.1917918397002084,0.28956801478265365,0.22782125664264047,0.5333333333333333,0.9013349733212025,1.0300971123670886,0.00017338991243771862,1.0,1,0.016666666666666666,us_equity,ACGL,buy_hold,2,2022-04-22 13:30:00+00:00,2022-07-19 13:30:00+00:00
-0.01486249768067438,-0.06095419037017935,-0.07075604312820505,-0.31259295614839183,-0.348995958909905,0.16002923139797767,0.5161290322580645,0.8775908498430759,0.9360969064992809,-0.00038420899011404677,0.5166666666666667,2,0.05,us_equity,ACGL,ma_crossover,2,2022-04-22 13:30:00+00:00,2022-07-19 13:30:00+00:00
-0.27063175213027435,-0.7343090373869862,-0.274882934653353,-6.182733563964315,-8.832226078893903,0.2102117813731006,0.3793103448275862,0.6173889980792667,0.37729327660399636,-0.005299110986191288,0.9666666666666667,36,1.15,us_equity,ACGL,naive_prev_bar,2,2022-04-22 13:30:00+00:00,2022-07-19 13:30:00+00:00
-0.1367064522460515,-0.4606562144543992,-0.14247438407711377,-2.671654183174072,-4.328734841608873,0.22158935723304127,0.43333333333333335,0.8665865597565141,0.662683839813805,-0.002349246560311542,1.0,2,0.05,us_equity,ACGL,lux_machine_supertrend,2,2022-04-22 13:30:00+00:00,2022-07-19 13:30:00+00:00
0.005425072171402201,0.022983870304468246,-0.01721627935232939,0.6905815765820108,0.4634430376546103,0.03373348708919917,0.6363636363636364,0.7459993095110268,1.3054987916442966,0.0003076567375435656,0.36666666666666664,27,0.031845634036581236,us_equity,ACGL,policy,3,2022-07-20 13:30:00+00:00,2022-10-12 13:30:00+00:00
0.0986262623693368,0.4844647909796074,-0.10892637796493176,1.6604614537216074,2.7062592274660093,0.2581003731911641,0.5833333333333334,0.9067578568245582,1.3223552078691474,0.0014808357225109406,1.0,1,0.016666666666666666,us_equity,ACGL,buy_hold,3,2022-07-20 13:30:00+00:00,2022-10-12 13:30:00+00:00
-0.14265385158544497,-0.4760907759173749,-0.172423154501804,-2.744131468686416,-3.358895478344495,0.22593454944935126,0.3870967741935484,0.8109293841200776,0.5406195894133851,-0.005337738976634948,0.5166666666666667,3,0.08333333333333333,us_equity,ACGL,ma_crossover,3,2022-07-20 13:30:00+00:00,2022-10-12 13:30:00+00:00
-0.0956590836831277,-0.34446609511812953,-0.1522298586173474,-1.43880978224101,-2.195252421774936,0.2682470350273804,0.46551724137931033,0.8763459178660871,0.7887113260794784,-0.001792423140439466,0.9666666666666667,29,0.9166666666666666,us_equity,ACGL,naive_prev_bar,3,2022-07-20 13:30:00+00:00,2022-10-12 13:30:00+00:00
-0.08345708769613835,-0.3065074914221463,-0.1243018559876945,-1.2467660872680628,-1.850658885187779,0.26515389318881477,0.43333333333333335,1.0269678481773794,0.8091261834124808,-0.001520112579784797,1.0,4,0.11666666666666667,us_equity,ACGL,lux_machine_supertrend,3,2022-07-20 13:30:00+00:00,2022-10-12 13:30:00+00:00
-0.008331193746264787,-0.034527429206473004,-0.010449704875927779,-1.6634004896715995,-1.5799218624053457,0.020989796024159502,0.47058823529411764,0.8071368121418838,0.717454944126119,-0.00018558163973200043,0.5666666666666667,43,0.04433651699326864,us_equity,ACN,policy,0,2021-10-29 13:30:00+00:00,2022-01-25 14:30:00+00:00
-0.09782419691460731,-0.3510325203476041,-0.14260919909370395,-1.836209004058727,-3.17500706195445,0.22186329911396285,0.45,0.9189732621735914,0.7518872145056656,-0.0016166166170763219,1.0,1,0.016666666666666666,us_equity,ACN,buy_hold,0,2021-10-29 13:30:00+00:00,2022-01-25 14:30:00+00:00
-0.06760825421653338,-0.2547304716173866,-0.0860601425950045,-1.4865111366229167,-1.8968360588411328,0.18599412758214576,0.4838709677419355,0.7778094115325038,0.7291963233117223,-0.0021235202918381208,0.5166666666666667,3,0.08333333333333333,us_equity,ACN,ma_crossover,0,2021-10-29 13:30:00+00:00,2022-01-25 14:30:00+00:00
-0.20015079937763902,-0.6085880475803653,-0.23137172093649105,-4.030552701254606,-5.949346678908573,0.22592460058775238,0.3898305084745763,0.8314973916083288,0.5312344446386545,-0.003674741764240648,0.9833333333333333,33,1.0833333333333333,us_equity,ACN,naive_prev_bar,0,2021-10-29 13:30:00+00:00,2022-01-25 14:30:00+00:00
-0.04839356741445133,-0.18806558471594137,-0.11078943889009396,-0.7712311405459612,-1.3163481387699498,0.23442530097279418,0.48333333333333334,0.9464036056641985,0.8853453085245727,-0.0007174448104844367,1.0,4,0.11666666666666667,us_equity,ACN,lux_machine_supertrend,0,2021-10-29 13:30:00+00:00,2022-01-25 14:30:00+00:00
-0.00274629643805413,-0.011483863820699214,-0.009351037053355604,-0.4990113909664066,-0.5249032865874702,0.02263220149520449,0.5714285714285714,0.7386688145200354,0.9848917526933807,-9.718572699401822e-06,0.5833333333333334,46,0.039996195807849834,us_equity,ACN,policy,1,2022-01-26 14:30:00+00:00,2022-04-21 13:30:00+00:00
-0.048490776940220304,-0.18841388250064361,-0.09814740699891744,-0.6570521902029718,-0.9867395444575839,0.2642920485618809,0.5166666666666667,0.8420162747988662,0.9000863627160294,-0.0006891018625429105,1.0,1,0.016666666666666666,us_equity,ACN,buy_hold,1,2022-01-26 14:30:00+00:00,2022-04-21 13:30:00+00:00
-0.015206774715805893,-0.062331731036493365,-0.07295882783664542,-0.30730149152126285,-0.49719067981233195,0.1653789672995863,0.4838709677419355,0.9934895060400111,0.9313964119125104,-0.0003903318227143557,0.5166666666666667,2,0.05,us_equity,ACN,ma_crossover,1,2022-01-26 14:30:00+00:00,2022-04-21 13:30:00+00:00
-0.04547819351721272,-0.17756688469822768,-0.12330281594741932,-0.6561433290342834,-1.0961992654389043,0.25012796875493465,0.423728813559322,1.226505001232855,0.9018419126712169,-0.0006623074983997026,0.9833333333333333,28,0.9166666666666666,us_equity,ACN,naive_prev_bar,1,2022-01-26 14:30:00+00:00,2022-04-21 13:30:00+00:00
-0.0030815455097276123,-0.012878822610543406,-0.08856191392828905,0.08595923592130172,0.1615824861605657,0.2694951224749445,0.5166666666666667,0.9486968392134048,1.0141242074350187,9.192696354152607e-05,1.0,3,0.08333333333333333,us_equity,ACN,lux_machine_supertrend,1,2022-01-26 14:30:00+00:00,2022-04-21 13:30:00+00:00
-0.011453634302926896,-0.04723107506031843,-0.012155617540108854,-4.231919936282319,-4.6170801695058525,0.011416333572571762,0.3333333333333333,0.8773493489934324,0.43867467449671627,-0.00026867139663480486,0.65,51,0.030142286515238443,us_equity,ACN,policy,2,2022-04-22 13:30:00+00:00,2022-07-19 13:30:00+00:00
0.0676454509623059,0.3164174380946434,-0.09675759072526258,1.0436914652330131,1.80304146211691,0.3093167076584788,0.55,0.9660334821603185,1.180707589307056,0.0012810762215759112,1.0,1,0.016666666666666666,us_equity,ACN,buy_hold,2,2022-04-22 13:30:00+00:00,2022-07-19 13:30:00+00:00
-0.11533282381561394,-0.4023104832501634,-0.14946765084184344,-2.5471440186194867,-2.681082933924942,0.19438156054976974,0.41935483870967744,0.7813278207730745,0.564292315002776,-0.00380274830479468,0.5166666666666667,3,0.08333333333333333,us_equity,ACN,ma_crossover,2,2022-04-22 13:30:00+00:00,2022-07-19 13:30:00+00:00
-0.17817836730908077,-0.5614028658895639,-0.18557480346883715,-2.6010674083074408,-4.016483421686395,0.2990905666382392,0.4482758620689655,0.8112164485781377,0.6591133644697369,-0.003157367508271465,0.9666666666666667,34,1.0833333333333333,us_equity,ACN,naive_prev_bar,2,2022-04-22 13:30:00+00:00,2022-07-19 13:30:00+00:00
-0.19081565681091783,-0.5890401648686673,-0.288588332803557,-2.7619291154417667,-4.641591592630074,0.30460156314158204,0.38333333333333336,1.041898915529248,0.6476668934371,-0.003338444150197656,1.0,4,0.11666666666666667,us_equity,ACN,lux_machine_supertrend,2,2022-04-22 13:30:00+00:00,2022-07-19 13:30:00+00:00
0.017264518181479005,0.07453945422282549,-0.006305558696542812,2.886365222682026,4.05437391454913,0.025019343574181608,0.6904761904761905,0.9247821345414965,2.0629755309002613,0.0004571701670355051,0.7,49,0.050189009245094125,us_equity,ACN,policy,3,2022-07-20 13:30:00+00:00,2022-10-12 13:30:00+00:00
0.011425846038945586,0.04887322510789205,-0.1379286236842503,0.33439546861556113,0.5293259205261591,0.20658816641502048,0.55,0.86287925767737,1.0546302038278965,0.00027413550285230407,1.0,1,0.016666666666666666,us_equity,ACN,buy_hold,3,2022-07-20 13:30:00+00:00,2022-10-12 13:30:00+00:00
0.021235067342260994,0.09226500844177465,-0.06401080021417793,0.6160042923459663,0.9113685711593391,0.16551750183167774,0.5806451612903226,0.8205848839948134,1.1361944547620493,0.0007830990137226955,0.5166666666666667,2,0.05,us_equity,ACN,ma_crossover,3,2022-07-20 13:30:00+00:00,2022-10-12 13:30:00+00:00
-0.08315297682439071,-0.30554054867138436,-0.15890637060490564,-1.6891461372783745,-2.5724814997192698,0.20340818774477207,0.5172413793103449,0.7198385881280894,0.7712556301372386,-0.0013742452981111482,0.9666666666666667,30,0.95,us_equity,ACN,naive_prev_bar,3,2022-07-20 13:30:00+00:00,2022-10-12 13:30:00+00:00
0.28136120335386594,1.8328305399690397,-0.05349837579882977,5.535923918184498,10.57334027979336,0.1917924501317759,0.6833333333333333,1.112868604177324,2.4014533037510675,0.0042132873492528,1.0,2,0.05,us_equity,ACN,lux_machine_supertrend,3,2022-07-20 13:30:00+00:00,2022-10-12 13:30:00+00:00
-0.03062069680106161,-0.12244626130224878,-0.03318563761284665,-5.311682089041564,-4.853659060317105,0.024527401708717554,0.3125,0.5937838440670397,0.2699017473031998,-0.0009095832737855792,0.5333333333333333,39,0.04221362675723861,us_equity,ADBE,policy,0,2021-10-29 13:30:00+00:00,2022-01-25 14:30:00+00:00
-0.0715239144370512,-0.2677876774477075,-0.15363982560834866,-0.8097036205457578,-1.3083595975417057,0.3211231691652028,0.5166666666666667,0.8187831727871773,0.8752509778069827,-0.0010318039393420325,1.0,1,0.016666666666666666,us_equity,ADBE,buy_hold,0,2021-10-29 13:30:00+00:00,2022-01-25 14:30:00+00:00
0.028735109683303506,0.12635414316687799,-0.04955484777095687,0.6509500220398499,0.670839076715147,0.2202091545706103,0.5161290322580645,1.0884809197702103,1.1610463144215577,0.0011009612444018088,0.5166666666666667,1,0.016666666666666666,us_equity,ADBE,ma_crossover,0,2021-10-29 13:30:00+00:00,2022-01-25 14:30:00+00:00
-0.39561819468378634,-0.8793554236548164,-0.3984880873968075,-7.244989772911389,-9.873690453882727,0.28502907843860176,0.3559322033898305,0.5389782389017603,0.2978563951825518,-0.008333465529741839,0.9833333333333333,33,1.0833333333333333,us_equity,ADBE,naive_prev_bar,0,2021-10-29 13:30:00+00:00,2022-01-25 14:30:00+00:00
-0.005177652122797416,-0.021566671566561557,-0.09781120296303847,0.0756660937909003,0.11785570516056983,0.29718466003783167,0.5,1.0120437938640536,1.0120437938640536,8.923334269698296e-05,1.0,2,0.05,us_equity,ADBE,lux_machine_supertrend,0,2021-10-29 13:30:00+00:00,2022-01-25 14:30:00+00:00
-0.00850493191057089,-0.03523765438589377,-0.01905795851462244,-1.055877098586688,-1.229333960035194,0.03344224731001151,0.4418604651162791,1.0431387281314723,0.8258181597707489,-0.0001622917209208385,0.7166666666666667,55,0.03876864533291221,us_equity,ADBE,policy,1,2022-01-26 14:30:00+00:00,2022-04-21 13:30:00+00:00
-0.19538497096062712,-0.5986990486855697,-0.22085527101004454,-1.9694314534199078,-3.3259421771454853,0.41850773105496775,0.43333333333333335,0.9496694470828807,0.726217812475144,-0.003270723369202592,1.0,1,0.016666666666666666,us_equity,ADBE,buy_hold,1,2022-01-26 14:30:00+00:00,2022-04-21 13:30:00+00:00
-0.12799214358208533,-0.43741820994565705,-0.22130100491774918,-2.0144453084122955,-3.0548174431946027,0.26746689324516754,0.41935483870967744,0.9114839449782491,0.6582939602620689,-0.004138229095647771,0.5166666666666667,3,0.08333333333333333,us_equity,ADBE,ma_crossover,1,2022-01-26 14:30:00+00:00,2022-04-21 13:30:00+00:00
-0.031260774694489624,-0.12487736371855007,-0.16569947332932233,-0.1532218118703009,-0.25365115608797567,0.3853366132751784,0.4745762711864407,1.0806047902927736,0.9760301331676663,-0.00023826462496362964,0.9833333333333333,29,0.95,us_equity,ADBE,naive_prev_bar,1,2022-01-26 14:30:00+00:00,2022-04-21 13:30:00+00:00
0.22055259896471235,1.3096028096946841,-0.13735591016514292,2.381312128621003,4.273384688673661,0.3828056686752971,0.5666666666666667,1.1092814022049937,1.450598756729607,0.0036173800861958646,1.0,1,0.016666666666666666,us_equity,ADBE,lux_machine_supertrend,1,2022-01-26 14:30:00+00:00,2022-04-21 13:30:00+00:00
-0.03180382163017581,-0.12693590296455526,-0.03465140641993847,-5.484686106854477,-5.548218682510905,0.024687712564012643,0.3684210526315789,0.5203660372227659,0.30354685504661344,-0.0007922610288704011,0.6333333333333333,50,0.05049884094832088,us_equity,ADBE,policy,2,2022-04-22 13:30:00+00:00,2022-07-19 13:30:00+00:00
0.0764833905975899,0.3627958426781013,-0.07707485102819167,1.0708592538934645,1.9312085323324761,0.3446746518029986,0.55,0.9631796340095449,1.1772195526783327,0.0014646747637529732,1.0,1,0.016666666666666666,us_equity,ADBE,buy_hold,2,2022-04-22 13:30:00+00:00,2022-07-19 13:30:00+00:00
-0.19000929613195172,-0.5873174121655942,-0.1982710846966893,-4.067781323127348,-5.093319350934362,0.2116688413819011,0.25806451612903225,1.169495264955488,0.406780961723648,-0.006613076495094486,0.5166666666666667,2,0.05,us_equity,ADBE,ma_crossover,2,2022-04-22 13:30:00+00:00,2022-07-19 13:30:00+00:00
-0.09444037801402361,-0.3407477693514066,-0.19509049690152602,-1.0400120157662807,-1.8782326230984536,0.3435734708649465,0.5084745762711864,0.8207096406522506,0.8490099730885351,-0.0014419715012028642,0.9833333333333333,31,1.0166666666666666,us_equity,ADBE,naive_prev_bar,2,2022-04-22 13:30:00+00:00,2022-07-19 13:30:00+00:00
-0.19915815895144828,-0.6065438187706881,-0.25176297587921714,-2.67987380644994,-4.604693005638675,0.32737129007471255,0.38333333333333336,1.078585266098744,0.6704719221694895,-0.0034814037510116956,1.0,3,0.08333333333333333,us_equity,ADBE,lux_machine_supertrend,2,2022-04-22 13:30:00+00:00,2022-07-19 13:30:00+00:00
0.025563427125973703,0.11184079497648969,-0.011279531799598064,2.701506576999766,4.791989870319383,0.03954017393305497,0.5833333333333334,1.331767962980825,1.864475148173155,0.0005530953283922765,0.8,54,0.03640839339865918,us_equity,ADBE,policy,3,2022-07-20 13:30:00+00:00,2022-10-12 13:30:00+00:00
-0.10780151798641247,-0.3806470421638103,-0.22709362996604476,-1.5367619902157754,-2.5113212963029765,0.28490706491389584,0.5166666666666667,0.7401946357470577,0.7912425416606479,-0.0017374378893000534,1.0,1,0.016666666666666666,us_equity,ADBE,buy_hold,3,2022-07-20 13:30:00+00:00,2022-10-12 13:30:00+00:00
0.05827473655057247,0.26856697271175456,-0.0743866583986803,1.2986908964891137,1.86122476679723,0.1982897267640575,0.4838709677419355,1.4267252162890232,1.3375548902709593,0.001977857626849425,0.5166666666666667,1,0.016666666666666666,us_equity,ADBE,ma_crossover,3,2022-07-20 13:30:00+00:00,2022-10-12 13:30:00+00:00
0.19775520434600935,1.1337615238668093,-0.09994705114278624,2.8086684883665813,4.039750282574559,0.28467070322653093,0.6271186440677966,0.9386381297345857,1.5786186727354397,0.003226576407237742,0.9833333333333333,22,0.7166666666666667,us_equity,ADBE,naive_prev_bar,3,2022-07-20 13:30:00+00:00,2022-10-12 13:30:00+00:00
0.0841503644890258,0.4040286976399199,-0.09058888593153491,1.285897352401975,2.5772033105255656,0.29850116235337615,0.5166666666666667,1.1470276762849074,1.2261330332700737,0.0015231819617425356,1.0,3,0.08333333333333333,us_equity,ADBE,lux_machine_supertrend,3,2022-07-20 13:30:00+00:00,2022-10-12 13:30:00+00:00
